DROP DATABASE IF EXISTS ecommerce_pro;
CREATE DATABASE ecommerce_pro;
USE ecommerce_pro;

CREATE TABLE customers (
    customer_id INTEGER PRIMARY KEY,
    customer_name TEXT NOT NULL,
    email TEXT,
    created_at DATE
);

CREATE TABLE products (
    product_id INTEGER PRIMARY KEY,
    product_name TEXT NOT NULL,
    price DECIMAL(10, 2)
);

CREATE TABLE orders (
    order_id INTEGER PRIMARY KEY,
    customer_id INTEGER,
    order_date DATE,
    total_amount DECIMAL(10, 2),
    status TEXT,
    FOREIGN KEY (customer_id) REFERENCES customers(customer_id)
);

CREATE TABLE order_items (
    item_id INTEGER PRIMARY KEY,
    order_id INTEGER,
    product_id INTEGER,
    quantity INTEGER,
    FOREIGN KEY (order_id) REFERENCES orders(order_id),
    FOREIGN KEY (product_id) REFERENCES products(product_id)
);

INSERT INTO customers (customer_id, customer_name, email, created_at) VALUES (1, 'Customer1', 'customer1@example.com', '2022-12-20');
INSERT INTO customers (customer_id, customer_name, email, created_at) VALUES (2, 'Customer2', 'customer2@example.com', '2022-05-08');
INSERT INTO customers (customer_id, customer_name, email, created_at) VALUES (3, 'Customer3', 'customer3@example.com', '2022-01-18');
INSERT INTO customers (customer_id, customer_name, email, created_at) VALUES (4, 'Customer4', 'customer4@example.com', '2022-09-30');
INSERT INTO customers (customer_id, customer_name, email, created_at) VALUES (5, 'Customer5', 'customer5@example.com', '2022-12-18');
INSERT INTO customers (customer_id, customer_name, email, created_at) VALUES (6, 'Customer6', 'customer6@example.com', '2022-11-23');
INSERT INTO customers (customer_id, customer_name, email, created_at) VALUES (7, 'Customer7', 'customer7@example.com', '2022-03-22');
INSERT INTO customers (customer_id, customer_name, email, created_at) VALUES (8, 'Customer8', 'customer8@example.com', '2022-09-03');
INSERT INTO customers (customer_id, customer_name, email, created_at) VALUES (9, 'Customer9', 'customer9@example.com', '2022-11-21');
INSERT INTO customers (customer_id, customer_name, email, created_at) VALUES (10, 'Customer10', 'customer10@example.com', '2022-07-03');
INSERT INTO customers (customer_id, customer_name, email, created_at) VALUES (11, 'Customer11', 'customer11@example.com', '2022-11-22');
INSERT INTO customers (customer_id, customer_name, email, created_at) VALUES (12, 'Customer12', 'customer12@example.com', '2022-01-11');
INSERT INTO customers (customer_id, customer_name, email, created_at) VALUES (13, 'Customer13', 'customer13@example.com', '2022-03-23');
INSERT INTO customers (customer_id, customer_name, email, created_at) VALUES (14, 'Customer14', 'customer14@example.com', '2022-07-12');
INSERT INTO customers (customer_id, customer_name, email, created_at) VALUES (15, 'Customer15', 'customer15@example.com', '2022-03-20');
INSERT INTO customers (customer_id, customer_name, email, created_at) VALUES (16, 'Customer16', 'customer16@example.com', '2022-06-11');
INSERT INTO customers (customer_id, customer_name, email, created_at) VALUES (17, 'Customer17', 'customer17@example.com', '2022-03-29');
INSERT INTO customers (customer_id, customer_name, email, created_at) VALUES (18, 'Customer18', 'customer18@example.com', '2022-05-11');
INSERT INTO customers (customer_id, customer_name, email, created_at) VALUES (19, 'Customer19', 'customer19@example.com', '2022-03-29');
INSERT INTO customers (customer_id, customer_name, email, created_at) VALUES (20, 'Customer20', 'customer20@example.com', '2022-06-20');
INSERT INTO customers (customer_id, customer_name, email, created_at) VALUES (21, 'Customer21', 'customer21@example.com', '2022-09-12');
INSERT INTO customers (customer_id, customer_name, email, created_at) VALUES (22, 'Customer22', 'customer22@example.com', '2022-04-21');
INSERT INTO customers (customer_id, customer_name, email, created_at) VALUES (23, 'Customer23', 'customer23@example.com', '2022-11-18');
INSERT INTO customers (customer_id, customer_name, email, created_at) VALUES (24, 'Customer24', 'customer24@example.com', '2022-11-06');
INSERT INTO customers (customer_id, customer_name, email, created_at) VALUES (25, 'Customer25', 'customer25@example.com', '2022-06-11');
INSERT INTO customers (customer_id, customer_name, email, created_at) VALUES (26, 'Customer26', 'customer26@example.com', '2022-03-22');
INSERT INTO customers (customer_id, customer_name, email, created_at) VALUES (27, 'Customer27', 'customer27@example.com', '2022-09-23');
INSERT INTO customers (customer_id, customer_name, email, created_at) VALUES (28, 'Customer28', 'customer28@example.com', '2022-08-30');
INSERT INTO customers (customer_id, customer_name, email, created_at) VALUES (29, 'Customer29', 'customer29@example.com', '2022-07-30');
INSERT INTO customers (customer_id, customer_name, email, created_at) VALUES (30, 'Customer30', 'customer30@example.com', '2022-04-29');
INSERT INTO customers (customer_id, customer_name, email, created_at) VALUES (31, 'Customer31', 'customer31@example.com', '2022-04-06');
INSERT INTO customers (customer_id, customer_name, email, created_at) VALUES (32, 'Customer32', 'customer32@example.com', '2022-03-31');
INSERT INTO customers (customer_id, customer_name, email, created_at) VALUES (33, 'Customer33', 'customer33@example.com', '2022-01-07');
INSERT INTO customers (customer_id, customer_name, email, created_at) VALUES (34, 'Customer34', 'customer34@example.com', '2022-03-07');
INSERT INTO customers (customer_id, customer_name, email, created_at) VALUES (35, 'Customer35', 'customer35@example.com', '2022-10-20');
INSERT INTO customers (customer_id, customer_name, email, created_at) VALUES (36, 'Customer36', 'customer36@example.com', '2022-03-21');
INSERT INTO customers (customer_id, customer_name, email, created_at) VALUES (37, 'Customer37', 'customer37@example.com', '2022-04-15');
INSERT INTO customers (customer_id, customer_name, email, created_at) VALUES (38, 'Customer38', 'customer38@example.com', '2022-07-26');
INSERT INTO customers (customer_id, customer_name, email, created_at) VALUES (39, 'Customer39', 'customer39@example.com', '2022-11-16');
INSERT INTO customers (customer_id, customer_name, email, created_at) VALUES (40, 'Customer40', 'customer40@example.com', '2022-05-12');
INSERT INTO customers (customer_id, customer_name, email, created_at) VALUES (41, 'Customer41', 'customer41@example.com', '2022-09-21');
INSERT INTO customers (customer_id, customer_name, email, created_at) VALUES (42, 'Customer42', 'customer42@example.com', '2022-10-05');
INSERT INTO customers (customer_id, customer_name, email, created_at) VALUES (43, 'Customer43', 'customer43@example.com', '2022-08-20');
INSERT INTO customers (customer_id, customer_name, email, created_at) VALUES (44, 'Customer44', 'customer44@example.com', '2022-07-13');
INSERT INTO customers (customer_id, customer_name, email, created_at) VALUES (45, 'Customer45', 'customer45@example.com', '2022-11-05');
INSERT INTO customers (customer_id, customer_name, email, created_at) VALUES (46, 'Customer46', 'customer46@example.com', '2022-02-16');
INSERT INTO customers (customer_id, customer_name, email, created_at) VALUES (47, 'Customer47', 'customer47@example.com', '2022-08-11');
INSERT INTO customers (customer_id, customer_name, email, created_at) VALUES (48, 'Customer48', 'customer48@example.com', '2022-09-19');
INSERT INTO customers (customer_id, customer_name, email, created_at) VALUES (49, 'Customer49', 'customer49@example.com', '2022-09-01');
INSERT INTO customers (customer_id, customer_name, email, created_at) VALUES (50, 'Customer50', 'customer50@example.com', '2022-10-23');
INSERT INTO products (product_id, product_name, price) VALUES (1, 'Product1', 939.49);
INSERT INTO products (product_id, product_name, price) VALUES (2, 'Product2', 405.48);
INSERT INTO products (product_id, product_name, price) VALUES (3, 'Product3', 481.77);
INSERT INTO products (product_id, product_name, price) VALUES (4, 'Product4', 150.38);
INSERT INTO products (product_id, product_name, price) VALUES (5, 'Product5', 654.32);
INSERT INTO products (product_id, product_name, price) VALUES (6, 'Product6', 645.85);
INSERT INTO products (product_id, product_name, price) VALUES (7, 'Product7', 727.09);
INSERT INTO products (product_id, product_name, price) VALUES (8, 'Product8', 374.6);
INSERT INTO products (product_id, product_name, price) VALUES (9, 'Product9', 389.2);
INSERT INTO products (product_id, product_name, price) VALUES (10, 'Product10', 42.52);
INSERT INTO products (product_id, product_name, price) VALUES (11, 'Product11', 114.94);
INSERT INTO products (product_id, product_name, price) VALUES (12, 'Product12', 185.74);
INSERT INTO products (product_id, product_name, price) VALUES (13, 'Product13', 609.04);
INSERT INTO products (product_id, product_name, price) VALUES (14, 'Product14', 508.02);
INSERT INTO products (product_id, product_name, price) VALUES (15, 'Product15', 136.45);
INSERT INTO products (product_id, product_name, price) VALUES (16, 'Product16', 779.29);
INSERT INTO products (product_id, product_name, price) VALUES (17, 'Product17', 379.47);
INSERT INTO products (product_id, product_name, price) VALUES (18, 'Product18', 702.78);
INSERT INTO products (product_id, product_name, price) VALUES (19, 'Product19', 169.55);
INSERT INTO products (product_id, product_name, price) VALUES (20, 'Product20', 505.85);
INSERT INTO products (product_id, product_name, price) VALUES (21, 'Product21', 524.61);
INSERT INTO products (product_id, product_name, price) VALUES (22, 'Product22', 899.97);
INSERT INTO products (product_id, product_name, price) VALUES (23, 'Product23', 677.4);
INSERT INTO products (product_id, product_name, price) VALUES (24, 'Product24', 565.28);
INSERT INTO products (product_id, product_name, price) VALUES (25, 'Product25', 417.82);
INSERT INTO products (product_id, product_name, price) VALUES (26, 'Product26', 705.5);
INSERT INTO products (product_id, product_name, price) VALUES (27, 'Product27', 97.54);
INSERT INTO products (product_id, product_name, price) VALUES (28, 'Product28', 823.9);
INSERT INTO products (product_id, product_name, price) VALUES (29, 'Product29', 561.74);
INSERT INTO products (product_id, product_name, price) VALUES (30, 'Product30', 64.05);
INSERT INTO orders (order_id, customer_id, order_date, total_amount, status) VALUES (1, 28, '2023-09-18', 3489.77, 'Completed');
INSERT INTO order_items (item_id, order_id, product_id, quantity) VALUES (1, 1, 29, 3);
INSERT INTO order_items (item_id, order_id, product_id, quantity) VALUES (2, 1, 3, 1);
INSERT INTO orders (order_id, customer_id, order_date, total_amount, status) VALUES (2, 38, '2023-07-20', 3365.82, 'Pending');
INSERT INTO order_items (item_id, order_id, product_id, quantity) VALUES (3, 2, 10, 2);
INSERT INTO order_items (item_id, order_id, product_id, quantity) VALUES (4, 2, 12, 3);
INSERT INTO orders (order_id, customer_id, order_date, total_amount, status) VALUES (3, 27, '2023-01-22', 5586.57, 'Completed');
INSERT INTO order_items (item_id, order_id, product_id, quantity) VALUES (5, 3, 15, 2);
INSERT INTO order_items (item_id, order_id, product_id, quantity) VALUES (6, 3, 23, 3);
INSERT INTO order_items (item_id, order_id, product_id, quantity) VALUES (7, 3, 11, 3);
INSERT INTO order_items (item_id, order_id, product_id, quantity) VALUES (8, 3, 10, 1);
INSERT INTO orders (order_id, customer_id, order_date, total_amount, status) VALUES (4, 40, '2023-01-18', 6170.34, 'Completed');
INSERT INTO order_items (item_id, order_id, product_id, quantity) VALUES (9, 4, 15, 1);
INSERT INTO order_items (item_id, order_id, product_id, quantity) VALUES (10, 4, 6, 3);
INSERT INTO order_items (item_id, order_id, product_id, quantity) VALUES (11, 4, 22, 3);
INSERT INTO order_items (item_id, order_id, product_id, quantity) VALUES (12, 4, 21, 2);
INSERT INTO orders (order_id, customer_id, order_date, total_amount, status) VALUES (5, 12, '2023-08-21', 3338.47, 'Cancelled');
INSERT INTO order_items (item_id, order_id, product_id, quantity) VALUES (13, 5, 12, 1);
INSERT INTO order_items (item_id, order_id, product_id, quantity) VALUES (14, 5, 24, 2);
INSERT INTO order_items (item_id, order_id, product_id, quantity) VALUES (15, 5, 7, 2);
INSERT INTO order_items (item_id, order_id, product_id, quantity) VALUES (16, 5, 26, 2);
INSERT INTO order_items (item_id, order_id, product_id, quantity) VALUES (17, 5, 15, 2);
INSERT INTO orders (order_id, customer_id, order_date, total_amount, status) VALUES (6, 15, '2023-07-15', 7259.95, 'Pending');
INSERT INTO order_items (item_id, order_id, product_id, quantity) VALUES (18, 6, 2, 2);
INSERT INTO order_items (item_id, order_id, product_id, quantity) VALUES (19, 6, 10, 3);
INSERT INTO order_items (item_id, order_id, product_id, quantity) VALUES (20, 6, 28, 3);
INSERT INTO order_items (item_id, order_id, product_id, quantity) VALUES (21, 6, 9, 1);
INSERT INTO order_items (item_id, order_id, product_id, quantity) VALUES (22, 6, 24, 3);
INSERT INTO orders (order_id, customer_id, order_date, total_amount, status) VALUES (7, 35, '2023-06-02', 2346.64, 'Pending');
INSERT INTO order_items (item_id, order_id, product_id, quantity) VALUES (23, 7, 21, 2);
INSERT INTO order_items (item_id, order_id, product_id, quantity) VALUES (24, 7, 25, 1);
INSERT INTO order_items (item_id, order_id, product_id, quantity) VALUES (25, 7, 20, 2);
INSERT INTO order_items (item_id, order_id, product_id, quantity) VALUES (26, 7, 30, 2);
INSERT INTO orders (order_id, customer_id, order_date, total_amount, status) VALUES (8, 30, '2023-12-03', 120.54, 'Completed');
INSERT INTO order_items (item_id, order_id, product_id, quantity) VALUES (27, 8, 24, 1);
INSERT INTO orders (order_id, customer_id, order_date, total_amount, status) VALUES (9, 21, '2023-10-28', 647.73, 'Pending');
INSERT INTO order_items (item_id, order_id, product_id, quantity) VALUES (28, 9, 8, 3);
INSERT INTO orders (order_id, customer_id, order_date, total_amount, status) VALUES (10, 35, '2023-07-19', 289.12, 'Pending');
INSERT INTO order_items (item_id, order_id, product_id, quantity) VALUES (29, 10, 29, 2);
INSERT INTO orders (order_id, customer_id, order_date, total_amount, status) VALUES (11, 1, '2023-03-28', 4880.57, 'Cancelled');
INSERT INTO order_items (item_id, order_id, product_id, quantity) VALUES (30, 11, 17, 2);
INSERT INTO order_items (item_id, order_id, product_id, quantity) VALUES (31, 11, 11, 3);
INSERT INTO order_items (item_id, order_id, product_id, quantity) VALUES (32, 11, 24, 1);
INSERT INTO order_items (item_id, order_id, product_id, quantity) VALUES (33, 11, 5, 2);
INSERT INTO orders (order_id, customer_id, order_date, total_amount, status) VALUES (12, 35, '2023-03-03', 777.1, 'Cancelled');
INSERT INTO order_items (item_id, order_id, product_id, quantity) VALUES (34, 12, 3, 1);
INSERT INTO orders (order_id, customer_id, order_date, total_amount, status) VALUES (13, 35, '2023-08-12', 3926.42, 'Completed');
INSERT INTO order_items (item_id, order_id, product_id, quantity) VALUES (35, 13, 13, 3);
INSERT INTO order_items (item_id, order_id, product_id, quantity) VALUES (36, 13, 12, 1);
INSERT INTO order_items (item_id, order_id, product_id, quantity) VALUES (37, 13, 4, 1);
INSERT INTO order_items (item_id, order_id, product_id, quantity) VALUES (38, 13, 7, 2);
INSERT INTO order_items (item_id, order_id, product_id, quantity) VALUES (39, 13, 25, 2);
INSERT INTO orders (order_id, customer_id, order_date, total_amount, status) VALUES (14, 31, '2023-08-20', 2435.29, 'Completed');
INSERT INTO order_items (item_id, order_id, product_id, quantity) VALUES (40, 14, 22, 2);
INSERT INTO order_items (item_id, order_id, product_id, quantity) VALUES (41, 14, 2, 1);
INSERT INTO order_items (item_id, order_id, product_id, quantity) VALUES (42, 14, 5, 2);
INSERT INTO orders (order_id, customer_id, order_date, total_amount, status) VALUES (15, 21, '2023-11-04', 1806.24, 'Cancelled');
INSERT INTO order_items (item_id, order_id, product_id, quantity) VALUES (43, 15, 30, 2);
INSERT INTO order_items (item_id, order_id, product_id, quantity) VALUES (44, 15, 28, 3);
INSERT INTO orders (order_id, customer_id, order_date, total_amount, status) VALUES (16, 12, '2023-02-16', 3517.86, 'Cancelled');
INSERT INTO order_items (item_id, order_id, product_id, quantity) VALUES (45, 16, 20, 1);
INSERT INTO order_items (item_id, order_id, product_id, quantity) VALUES (46, 16, 8, 2);
INSERT INTO order_items (item_id, order_id, product_id, quantity) VALUES (47, 16, 12, 1);
INSERT INTO order_items (item_id, order_id, product_id, quantity) VALUES (48, 16, 3, 3);
INSERT INTO orders (order_id, customer_id, order_date, total_amount, status) VALUES (17, 40, '2023-04-17', 439.34, 'Pending');
INSERT INTO order_items (item_id, order_id, product_id, quantity) VALUES (49, 17, 15, 2);
INSERT INTO orders (order_id, customer_id, order_date, total_amount, status) VALUES (18, 21, '2023-11-18', 2483.77, 'Completed');
INSERT INTO order_items (item_id, order_id, product_id, quantity) VALUES (50, 18, 30, 2);
INSERT INTO order_items (item_id, order_id, product_id, quantity) VALUES (51, 18, 12, 3);
INSERT INTO order_items (item_id, order_id, product_id, quantity) VALUES (52, 18, 20, 2);
INSERT INTO orders (order_id, customer_id, order_date, total_amount, status) VALUES (19, 15, '2023-08-19', 994.66, 'Cancelled');
INSERT INTO order_items (item_id, order_id, product_id, quantity) VALUES (53, 19, 12, 2);
INSERT INTO orders (order_id, customer_id, order_date, total_amount, status) VALUES (20, 48, '2023-02-16', 6668.08, 'Pending');
INSERT INTO order_items (item_id, order_id, product_id, quantity) VALUES (54, 20, 11, 1);
INSERT INTO order_items (item_id, order_id, product_id, quantity) VALUES (55, 20, 10, 2);
INSERT INTO order_items (item_id, order_id, product_id, quantity) VALUES (56, 20, 7, 3);
INSERT INTO order_items (item_id, order_id, product_id, quantity) VALUES (57, 20, 16, 2);
INSERT INTO order_items (item_id, order_id, product_id, quantity) VALUES (58, 20, 27, 1);
INSERT INTO orders (order_id, customer_id, order_date, total_amount, status) VALUES (21, 19, '2023-11-05', 3915.92, 'Pending');
INSERT INTO order_items (item_id, order_id, product_id, quantity) VALUES (59, 21, 22, 2);
INSERT INTO order_items (item_id, order_id, product_id, quantity) VALUES (60, 21, 9, 3);
INSERT INTO order_items (item_id, order_id, product_id, quantity) VALUES (61, 21, 2, 2);
INSERT INTO order_items (item_id, order_id, product_id, quantity) VALUES (62, 21, 4, 2);
INSERT INTO orders (order_id, customer_id, order_date, total_amount, status) VALUES (22, 12, '2023-11-07', 5189.6, 'Completed');
INSERT INTO order_items (item_id, order_id, product_id, quantity) VALUES (63, 22, 8, 1);
INSERT INTO order_items (item_id, order_id, product_id, quantity) VALUES (64, 22, 25, 2);
INSERT INTO order_items (item_id, order_id, product_id, quantity) VALUES (65, 22, 20, 2);
INSERT INTO order_items (item_id, order_id, product_id, quantity) VALUES (66, 22, 21, 1);
INSERT INTO order_items (item_id, order_id, product_id, quantity) VALUES (67, 22, 27, 2);
INSERT INTO orders (order_id, customer_id, order_date, total_amount, status) VALUES (23, 48, '2023-05-21', 3822.84, 'Completed');
INSERT INTO order_items (item_id, order_id, product_id, quantity) VALUES (68, 23, 8, 2);
INSERT INTO order_items (item_id, order_id, product_id, quantity) VALUES (69, 23, 18, 2);
INSERT INTO orders (order_id, customer_id, order_date, total_amount, status) VALUES (24, 6, '2023-03-18', 1865.55, 'Cancelled');
INSERT INTO order_items (item_id, order_id, product_id, quantity) VALUES (70, 24, 19, 2);
INSERT INTO order_items (item_id, order_id, product_id, quantity) VALUES (71, 24, 26, 1);
INSERT INTO order_items (item_id, order_id, product_id, quantity) VALUES (72, 24, 24, 3);
INSERT INTO order_items (item_id, order_id, product_id, quantity) VALUES (73, 24, 8, 3);
INSERT INTO orders (order_id, customer_id, order_date, total_amount, status) VALUES (25, 32, '2023-06-04', 5069.04, 'Cancelled');
INSERT INTO order_items (item_id, order_id, product_id, quantity) VALUES (74, 25, 21, 3);
INSERT INTO order_items (item_id, order_id, product_id, quantity) VALUES (75, 25, 24, 3);
INSERT INTO order_items (item_id, order_id, product_id, quantity) VALUES (76, 25, 10, 3);
INSERT INTO orders (order_id, customer_id, order_date, total_amount, status) VALUES (26, 7, '2023-07-31', 512.73, 'Completed');
INSERT INTO order_items (item_id, order_id, product_id, quantity) VALUES (77, 26, 7, 1);
INSERT INTO orders (order_id, customer_id, order_date, total_amount, status) VALUES (27, 15, '2023-08-31', 2018.37, 'Cancelled');
INSERT INTO order_items (item_id, order_id, product_id, quantity) VALUES (78, 27, 1, 2);
INSERT INTO order_items (item_id, order_id, product_id, quantity) VALUES (79, 27, 21, 3);
INSERT INTO orders (order_id, customer_id, order_date, total_amount, status) VALUES (28, 21, '2023-12-04', 3919.95, 'Cancelled');
INSERT INTO order_items (item_id, order_id, product_id, quantity) VALUES (80, 28, 5, 3);
INSERT INTO order_items (item_id, order_id, product_id, quantity) VALUES (81, 28, 13, 2);
INSERT INTO order_items (item_id, order_id, product_id, quantity) VALUES (82, 28, 29, 2);
INSERT INTO orders (order_id, customer_id, order_date, total_amount, status) VALUES (29, 25, '2023-11-19', 8037.18, 'Completed');
INSERT INTO order_items (item_id, order_id, product_id, quantity) VALUES (83, 29, 5, 1);
INSERT INTO order_items (item_id, order_id, product_id, quantity) VALUES (84, 29, 6, 1);
INSERT INTO order_items (item_id, order_id, product_id, quantity) VALUES (85, 29, 7, 3);
INSERT INTO order_items (item_id, order_id, product_id, quantity) VALUES (86, 29, 3, 3);
INSERT INTO order_items (item_id, order_id, product_id, quantity) VALUES (87, 29, 27, 3);
INSERT INTO orders (order_id, customer_id, order_date, total_amount, status) VALUES (30, 20, '2023-10-06', 1381.02, 'Cancelled');
INSERT INTO order_items (item_id, order_id, product_id, quantity) VALUES (88, 30, 5, 2);
INSERT INTO orders (order_id, customer_id, order_date, total_amount, status) VALUES (31, 23, '2023-12-16', 6475.81, 'Pending');
INSERT INTO order_items (item_id, order_id, product_id, quantity) VALUES (89, 31, 8, 3);
INSERT INTO order_items (item_id, order_id, product_id, quantity) VALUES (90, 31, 22, 2);
INSERT INTO order_items (item_id, order_id, product_id, quantity) VALUES (91, 31, 10, 3);
INSERT INTO order_items (item_id, order_id, product_id, quantity) VALUES (92, 31, 1, 1);
INSERT INTO order_items (item_id, order_id, product_id, quantity) VALUES (93, 31, 20, 2);
INSERT INTO orders (order_id, customer_id, order_date, total_amount, status) VALUES (32, 37, '2023-04-17', 1948.97, 'Cancelled');
INSERT INTO order_items (item_id, order_id, product_id, quantity) VALUES (94, 32, 14, 1);
INSERT INTO order_items (item_id, order_id, product_id, quantity) VALUES (95, 32, 11, 1);
INSERT INTO order_items (item_id, order_id, product_id, quantity) VALUES (96, 32, 6, 1);
INSERT INTO order_items (item_id, order_id, product_id, quantity) VALUES (97, 32, 23, 1);
INSERT INTO orders (order_id, customer_id, order_date, total_amount, status) VALUES (33, 9, '2023-10-01', 4596.5, 'Cancelled');
INSERT INTO order_items (item_id, order_id, product_id, quantity) VALUES (98, 33, 20, 1);
INSERT INTO order_items (item_id, order_id, product_id, quantity) VALUES (99, 33, 17, 2);
INSERT INTO order_items (item_id, order_id, product_id, quantity) VALUES (100, 33, 16, 3);
INSERT INTO order_items (item_id, order_id, product_id, quantity) VALUES (101, 33, 13, 1);
INSERT INTO order_items (item_id, order_id, product_id, quantity) VALUES (102, 33, 21, 2);
INSERT INTO orders (order_id, customer_id, order_date, total_amount, status) VALUES (34, 27, '2023-05-09', 550.5, 'Pending');
INSERT INTO order_items (item_id, order_id, product_id, quantity) VALUES (103, 34, 21, 2);
INSERT INTO order_items (item_id, order_id, product_id, quantity) VALUES (104, 34, 28, 1);
INSERT INTO orders (order_id, customer_id, order_date, total_amount, status) VALUES (35, 39, '2023-08-02', 4766.79, 'Cancelled');
INSERT INTO order_items (item_id, order_id, product_id, quantity) VALUES (105, 35, 10, 3);
INSERT INTO order_items (item_id, order_id, product_id, quantity) VALUES (106, 35, 22, 3);
INSERT INTO order_items (item_id, order_id, product_id, quantity) VALUES (107, 35, 1, 1);
INSERT INTO order_items (item_id, order_id, product_id, quantity) VALUES (108, 35, 16, 2);
INSERT INTO orders (order_id, customer_id, order_date, total_amount, status) VALUES (36, 19, '2023-12-28', 4119.4, 'Pending');
INSERT INTO order_items (item_id, order_id, product_id, quantity) VALUES (109, 36, 19, 2);
INSERT INTO order_items (item_id, order_id, product_id, quantity) VALUES (110, 36, 18, 2);
INSERT INTO order_items (item_id, order_id, product_id, quantity) VALUES (111, 36, 9, 2);
INSERT INTO order_items (item_id, order_id, product_id, quantity) VALUES (112, 36, 13, 2);
INSERT INTO order_items (item_id, order_id, product_id, quantity) VALUES (113, 36, 8, 2);
INSERT INTO orders (order_id, customer_id, order_date, total_amount, status) VALUES (37, 30, '2023-03-17', 3218.3, 'Cancelled');
INSERT INTO order_items (item_id, order_id, product_id, quantity) VALUES (114, 37, 14, 1);
INSERT INTO order_items (item_id, order_id, product_id, quantity) VALUES (115, 37, 17, 1);
INSERT INTO order_items (item_id, order_id, product_id, quantity) VALUES (116, 37, 11, 3);
INSERT INTO order_items (item_id, order_id, product_id, quantity) VALUES (117, 37, 12, 2);
INSERT INTO order_items (item_id, order_id, product_id, quantity) VALUES (118, 37, 24, 1);
INSERT INTO orders (order_id, customer_id, order_date, total_amount, status) VALUES (38, 29, '2023-12-09', 4116.61, 'Completed');
INSERT INTO order_items (item_id, order_id, product_id, quantity) VALUES (119, 38, 5, 2);
INSERT INTO order_items (item_id, order_id, product_id, quantity) VALUES (120, 38, 26, 1);
INSERT INTO order_items (item_id, order_id, product_id, quantity) VALUES (121, 38, 4, 2);
INSERT INTO orders (order_id, customer_id, order_date, total_amount, status) VALUES (39, 20, '2023-07-03', 1096.94, 'Pending');
INSERT INTO order_items (item_id, order_id, product_id, quantity) VALUES (122, 39, 2, 1);
INSERT INTO order_items (item_id, order_id, product_id, quantity) VALUES (123, 39, 23, 2);
INSERT INTO orders (order_id, customer_id, order_date, total_amount, status) VALUES (40, 10, '2023-01-04', 1646.24, 'Pending');
INSERT INTO order_items (item_id, order_id, product_id, quantity) VALUES (124, 40, 3, 2);
INSERT INTO order_items (item_id, order_id, product_id, quantity) VALUES (125, 40, 15, 1);
INSERT INTO order_items (item_id, order_id, product_id, quantity) VALUES (126, 40, 12, 1);
INSERT INTO orders (order_id, customer_id, order_date, total_amount, status) VALUES (41, 49, '2023-10-06', 5798.78, 'Completed');
INSERT INTO order_items (item_id, order_id, product_id, quantity) VALUES (127, 41, 27, 3);
INSERT INTO order_items (item_id, order_id, product_id, quantity) VALUES (128, 41, 15, 2);
INSERT INTO order_items (item_id, order_id, product_id, quantity) VALUES (129, 41, 25, 1);
INSERT INTO order_items (item_id, order_id, product_id, quantity) VALUES (130, 41, 8, 3);
INSERT INTO order_items (item_id, order_id, product_id, quantity) VALUES (131, 41, 19, 1);
INSERT INTO orders (order_id, customer_id, order_date, total_amount, status) VALUES (42, 40, '2023-09-15', 2530.48, 'Cancelled');
INSERT INTO order_items (item_id, order_id, product_id, quantity) VALUES (132, 42, 5, 2);
INSERT INTO order_items (item_id, order_id, product_id, quantity) VALUES (133, 42, 8, 3);
INSERT INTO orders (order_id, customer_id, order_date, total_amount, status) VALUES (43, 2, '2023-04-04', 3724.52, 'Pending');
INSERT INTO order_items (item_id, order_id, product_id, quantity) VALUES (134, 43, 15, 2);
INSERT INTO order_items (item_id, order_id, product_id, quantity) VALUES (135, 43, 22, 2);
INSERT INTO order_items (item_id, order_id, product_id, quantity) VALUES (136, 43, 17, 3);
INSERT INTO order_items (item_id, order_id, product_id, quantity) VALUES (137, 43, 13, 1);
INSERT INTO orders (order_id, customer_id, order_date, total_amount, status) VALUES (44, 20, '2023-12-10', 551.96, 'Pending');
INSERT INTO order_items (item_id, order_id, product_id, quantity) VALUES (138, 44, 17, 2);
INSERT INTO orders (order_id, customer_id, order_date, total_amount, status) VALUES (45, 18, '2023-08-20', 2325.18, 'Cancelled');
INSERT INTO order_items (item_id, order_id, product_id, quantity) VALUES (139, 45, 12, 3);
INSERT INTO order_items (item_id, order_id, product_id, quantity) VALUES (140, 45, 17, 3);
INSERT INTO orders (order_id, customer_id, order_date, total_amount, status) VALUES (46, 9, '2023-08-16', 2299.83, 'Pending');
INSERT INTO order_items (item_id, order_id, product_id, quantity) VALUES (141, 46, 12, 2);
INSERT INTO order_items (item_id, order_id, product_id, quantity) VALUES (142, 46, 5, 2);
INSERT INTO order_items (item_id, order_id, product_id, quantity) VALUES (143, 46, 18, 1);
INSERT INTO orders (order_id, customer_id, order_date, total_amount, status) VALUES (47, 7, '2023-07-12', 893.08, 'Completed');
INSERT INTO order_items (item_id, order_id, product_id, quantity) VALUES (144, 47, 23, 2);
INSERT INTO orders (order_id, customer_id, order_date, total_amount, status) VALUES (48, 29, '2023-06-29', 4390.83, 'Pending');
INSERT INTO order_items (item_id, order_id, product_id, quantity) VALUES (145, 48, 15, 3);
INSERT INTO order_items (item_id, order_id, product_id, quantity) VALUES (146, 48, 29, 3);
INSERT INTO orders (order_id, customer_id, order_date, total_amount, status) VALUES (49, 32, '2023-05-19', 1851.36, 'Completed');
INSERT INTO order_items (item_id, order_id, product_id, quantity) VALUES (147, 49, 23, 2);
INSERT INTO order_items (item_id, order_id, product_id, quantity) VALUES (148, 49, 20, 1);
INSERT INTO order_items (item_id, order_id, product_id, quantity) VALUES (149, 49, 26, 2);
INSERT INTO order_items (item_id, order_id, product_id, quantity) VALUES (150, 49, 11, 2);
INSERT INTO orders (order_id, customer_id, order_date, total_amount, status) VALUES (50, 39, '2023-05-20', 6106.94, 'Pending');
INSERT INTO order_items (item_id, order_id, product_id, quantity) VALUES (151, 50, 29, 2);
INSERT INTO order_items (item_id, order_id, product_id, quantity) VALUES (152, 50, 25, 2);
INSERT INTO order_items (item_id, order_id, product_id, quantity) VALUES (153, 50, 27, 2);
INSERT INTO order_items (item_id, order_id, product_id, quantity) VALUES (154, 50, 12, 3);
INSERT INTO orders (order_id, customer_id, order_date, total_amount, status) VALUES (51, 13, '2023-12-31', 1877.25, 'Cancelled');
INSERT INTO order_items (item_id, order_id, product_id, quantity) VALUES (155, 51, 23, 1);
INSERT INTO order_items (item_id, order_id, product_id, quantity) VALUES (156, 51, 20, 2);
INSERT INTO orders (order_id, customer_id, order_date, total_amount, status) VALUES (52, 7, '2023-01-13', 1174.68, 'Cancelled');
INSERT INTO order_items (item_id, order_id, product_id, quantity) VALUES (157, 52, 23, 2);
INSERT INTO order_items (item_id, order_id, product_id, quantity) VALUES (158, 52, 5, 2);
INSERT INTO orders (order_id, customer_id, order_date, total_amount, status) VALUES (53, 32, '2023-03-25', 923.97, 'Completed');
INSERT INTO order_items (item_id, order_id, product_id, quantity) VALUES (159, 53, 27, 2);
INSERT INTO order_items (item_id, order_id, product_id, quantity) VALUES (160, 53, 9, 1);
INSERT INTO orders (order_id, customer_id, order_date, total_amount, status) VALUES (54, 32, '2023-07-07', 6338.71, 'Completed');
INSERT INTO order_items (item_id, order_id, product_id, quantity) VALUES (161, 54, 16, 2);
INSERT INTO order_items (item_id, order_id, product_id, quantity) VALUES (162, 54, 5, 3);
INSERT INTO order_items (item_id, order_id, product_id, quantity) VALUES (163, 54, 3, 3);
INSERT INTO order_items (item_id, order_id, product_id, quantity) VALUES (164, 54, 26, 2);
INSERT INTO order_items (item_id, order_id, product_id, quantity) VALUES (165, 54, 4, 1);
INSERT INTO orders (order_id, customer_id, order_date, total_amount, status) VALUES (55, 50, '2023-03-25', 2215.5, 'Completed');
INSERT INTO order_items (item_id, order_id, product_id, quantity) VALUES (166, 55, 15, 2);
INSERT INTO order_items (item_id, order_id, product_id, quantity) VALUES (167, 55, 22, 2);
INSERT INTO orders (order_id, customer_id, order_date, total_amount, status) VALUES (56, 4, '2023-08-09', 1970.13, 'Cancelled');
INSERT INTO order_items (item_id, order_id, product_id, quantity) VALUES (168, 56, 25, 1);
INSERT INTO order_items (item_id, order_id, product_id, quantity) VALUES (169, 56, 11, 2);
INSERT INTO order_items (item_id, order_id, product_id, quantity) VALUES (170, 56, 12, 3);
INSERT INTO orders (order_id, customer_id, order_date, total_amount, status) VALUES (57, 15, '2023-08-21', 4770.46, 'Pending');
INSERT INTO order_items (item_id, order_id, product_id, quantity) VALUES (171, 57, 21, 1);
INSERT INTO order_items (item_id, order_id, product_id, quantity) VALUES (172, 57, 24, 2);
INSERT INTO order_items (item_id, order_id, product_id, quantity) VALUES (173, 57, 6, 3);
INSERT INTO order_items (item_id, order_id, product_id, quantity) VALUES (174, 57, 30, 3);
INSERT INTO orders (order_id, customer_id, order_date, total_amount, status) VALUES (58, 44, '2023-01-13', 5272.73, 'Cancelled');
INSERT INTO order_items (item_id, order_id, product_id, quantity) VALUES (175, 58, 21, 3);
INSERT INTO order_items (item_id, order_id, product_id, quantity) VALUES (176, 58, 17, 3);
INSERT INTO order_items (item_id, order_id, product_id, quantity) VALUES (177, 58, 20, 1);
INSERT INTO order_items (item_id, order_id, product_id, quantity) VALUES (178, 58, 30, 3);
INSERT INTO orders (order_id, customer_id, order_date, total_amount, status) VALUES (59, 45, '2023-06-18', 2292.69, 'Cancelled');
INSERT INTO order_items (item_id, order_id, product_id, quantity) VALUES (179, 59, 9, 1);
INSERT INTO order_items (item_id, order_id, product_id, quantity) VALUES (180, 59, 25, 1);
INSERT INTO order_items (item_id, order_id, product_id, quantity) VALUES (181, 59, 10, 2);
INSERT INTO order_items (item_id, order_id, product_id, quantity) VALUES (182, 59, 11, 2);
INSERT INTO orders (order_id, customer_id, order_date, total_amount, status) VALUES (60, 44, '2023-06-13', 4888.15, 'Completed');
INSERT INTO order_items (item_id, order_id, product_id, quantity) VALUES (183, 60, 18, 2);
INSERT INTO order_items (item_id, order_id, product_id, quantity) VALUES (184, 60, 10, 2);
INSERT INTO order_items (item_id, order_id, product_id, quantity) VALUES (185, 60, 24, 3);
INSERT INTO orders (order_id, customer_id, order_date, total_amount, status) VALUES (61, 13, '2023-06-30', 467.64, 'Cancelled');
INSERT INTO order_items (item_id, order_id, product_id, quantity) VALUES (186, 61, 2, 2);
INSERT INTO order_items (item_id, order_id, product_id, quantity) VALUES (187, 61, 22, 1);
INSERT INTO orders (order_id, customer_id, order_date, total_amount, status) VALUES (62, 18, '2023-12-24', 3074.47, 'Pending');
INSERT INTO order_items (item_id, order_id, product_id, quantity) VALUES (188, 62, 8, 1);
INSERT INTO order_items (item_id, order_id, product_id, quantity) VALUES (189, 62, 6, 3);
INSERT INTO order_items (item_id, order_id, product_id, quantity) VALUES (190, 62, 25, 1);
INSERT INTO order_items (item_id, order_id, product_id, quantity) VALUES (191, 62, 14, 2);
INSERT INTO orders (order_id, customer_id, order_date, total_amount, status) VALUES (63, 3, '2023-01-07', 3092.49, 'Cancelled');
INSERT INTO order_items (item_id, order_id, product_id, quantity) VALUES (192, 63, 20, 3);
INSERT INTO order_items (item_id, order_id, product_id, quantity) VALUES (193, 63, 2, 3);
INSERT INTO orders (order_id, customer_id, order_date, total_amount, status) VALUES (64, 27, '2023-05-16', 2450.37, 'Pending');
INSERT INTO order_items (item_id, order_id, product_id, quantity) VALUES (194, 64, 28, 3);
INSERT INTO orders (order_id, customer_id, order_date, total_amount, status) VALUES (65, 16, '2023-04-18', 342.25, 'Completed');
INSERT INTO order_items (item_id, order_id, product_id, quantity) VALUES (195, 65, 17, 1);
INSERT INTO orders (order_id, customer_id, order_date, total_amount, status) VALUES (66, 41, '2023-07-01', 6439.57, 'Pending');
INSERT INTO order_items (item_id, order_id, product_id, quantity) VALUES (196, 66, 1, 3);
INSERT INTO order_items (item_id, order_id, product_id, quantity) VALUES (197, 66, 29, 3);
INSERT INTO order_items (item_id, order_id, product_id, quantity) VALUES (198, 66, 26, 2);
INSERT INTO orders (order_id, customer_id, order_date, total_amount, status) VALUES (67, 29, '2023-09-28', 1336.24, 'Cancelled');
INSERT INTO order_items (item_id, order_id, product_id, quantity) VALUES (199, 67, 16, 3);
INSERT INTO order_items (item_id, order_id, product_id, quantity) VALUES (200, 67, 2, 1);
INSERT INTO orders (order_id, customer_id, order_date, total_amount, status) VALUES (68, 15, '2023-10-26', 983.77, 'Completed');
INSERT INTO order_items (item_id, order_id, product_id, quantity) VALUES (201, 68, 20, 1);
INSERT INTO order_items (item_id, order_id, product_id, quantity) VALUES (202, 68, 22, 1);
INSERT INTO orders (order_id, customer_id, order_date, total_amount, status) VALUES (69, 3, '2023-05-20', 869.5, 'Cancelled');
INSERT INTO order_items (item_id, order_id, product_id, quantity) VALUES (203, 69, 25, 2);
INSERT INTO orders (order_id, customer_id, order_date, total_amount, status) VALUES (70, 18, '2023-06-06', 1239.93, 'Cancelled');
INSERT INTO order_items (item_id, order_id, product_id, quantity) VALUES (204, 70, 30, 3);
INSERT INTO orders (order_id, customer_id, order_date, total_amount, status) VALUES (71, 11, '2023-07-07', 4035.64, 'Pending');
INSERT INTO order_items (item_id, order_id, product_id, quantity) VALUES (205, 71, 11, 2);
INSERT INTO order_items (item_id, order_id, product_id, quantity) VALUES (206, 71, 2, 1);
INSERT INTO order_items (item_id, order_id, product_id, quantity) VALUES (207, 71, 1, 2);
INSERT INTO order_items (item_id, order_id, product_id, quantity) VALUES (208, 71, 3, 1);
INSERT INTO order_items (item_id, order_id, product_id, quantity) VALUES (209, 71, 27, 2);
INSERT INTO orders (order_id, customer_id, order_date, total_amount, status) VALUES (72, 4, '2023-12-06', 3704.09, 'Pending');
INSERT INTO order_items (item_id, order_id, product_id, quantity) VALUES (210, 72, 2, 2);
INSERT INTO order_items (item_id, order_id, product_id, quantity) VALUES (211, 72, 22, 2);
INSERT INTO order_items (item_id, order_id, product_id, quantity) VALUES (212, 72, 8, 1);
INSERT INTO order_items (item_id, order_id, product_id, quantity) VALUES (213, 72, 19, 1);
INSERT INTO orders (order_id, customer_id, order_date, total_amount, status) VALUES (73, 32, '2023-06-30', 1699.09, 'Cancelled');
INSERT INTO order_items (item_id, order_id, product_id, quantity) VALUES (214, 73, 8, 1);
INSERT INTO order_items (item_id, order_id, product_id, quantity) VALUES (215, 73, 15, 3);
INSERT INTO orders (order_id, customer_id, order_date, total_amount, status) VALUES (74, 20, '2023-02-15', 3675.55, 'Cancelled');
INSERT INTO order_items (item_id, order_id, product_id, quantity) VALUES (216, 74, 4, 1);
INSERT INTO order_items (item_id, order_id, product_id, quantity) VALUES (217, 74, 9, 1);
INSERT INTO order_items (item_id, order_id, product_id, quantity) VALUES (218, 74, 18, 1);
INSERT INTO order_items (item_id, order_id, product_id, quantity) VALUES (219, 74, 7, 1);
INSERT INTO order_items (item_id, order_id, product_id, quantity) VALUES (220, 74, 10, 2);
INSERT INTO orders (order_id, customer_id, order_date, total_amount, status) VALUES (75, 32, '2023-01-02', 1989.03, 'Cancelled');
INSERT INTO order_items (item_id, order_id, product_id, quantity) VALUES (221, 75, 14, 3);
INSERT INTO orders (order_id, customer_id, order_date, total_amount, status) VALUES (76, 30, '2023-03-27', 8263.73, 'Completed');
INSERT INTO order_items (item_id, order_id, product_id, quantity) VALUES (222, 76, 19, 3);
INSERT INTO order_items (item_id, order_id, product_id, quantity) VALUES (223, 76, 1, 3);
INSERT INTO order_items (item_id, order_id, product_id, quantity) VALUES (224, 76, 15, 3);
INSERT INTO order_items (item_id, order_id, product_id, quantity) VALUES (225, 76, 11, 1);
INSERT INTO order_items (item_id, order_id, product_id, quantity) VALUES (226, 76, 17, 1);
INSERT INTO orders (order_id, customer_id, order_date, total_amount, status) VALUES (77, 48, '2023-07-27', 957.32, 'Completed');
INSERT INTO order_items (item_id, order_id, product_id, quantity) VALUES (227, 77, 29, 2);
INSERT INTO orders (order_id, customer_id, order_date, total_amount, status) VALUES (78, 2, '2023-05-20', 533.02, 'Cancelled');
INSERT INTO order_items (item_id, order_id, product_id, quantity) VALUES (228, 78, 6, 2);
INSERT INTO order_items (item_id, order_id, product_id, quantity) VALUES (229, 78, 29, 1);
INSERT INTO order_items (item_id, order_id, product_id, quantity) VALUES (230, 78, 12, 1);
INSERT INTO order_items (item_id, order_id, product_id, quantity) VALUES (231, 78, 8, 2);
INSERT INTO orders (order_id, customer_id, order_date, total_amount, status) VALUES (79, 49, '2023-11-03', 1842.1, 'Completed');
INSERT INTO order_items (item_id, order_id, product_id, quantity) VALUES (232, 79, 24, 1);
INSERT INTO order_items (item_id, order_id, product_id, quantity) VALUES (233, 79, 18, 3);
INSERT INTO order_items (item_id, order_id, product_id, quantity) VALUES (234, 79, 28, 3);
INSERT INTO orders (order_id, customer_id, order_date, total_amount, status) VALUES (80, 48, '2023-10-22', 2384.13, 'Completed');
INSERT INTO order_items (item_id, order_id, product_id, quantity) VALUES (235, 80, 28, 3);
INSERT INTO order_items (item_id, order_id, product_id, quantity) VALUES (236, 80, 5, 3);
INSERT INTO order_items (item_id, order_id, product_id, quantity) VALUES (237, 80, 15, 3);
INSERT INTO order_items (item_id, order_id, product_id, quantity) VALUES (238, 80, 1, 1);
INSERT INTO orders (order_id, customer_id, order_date, total_amount, status) VALUES (81, 29, '2023-12-04', 762.19, 'Cancelled');
INSERT INTO order_items (item_id, order_id, product_id, quantity) VALUES (239, 81, 2, 1);
INSERT INTO orders (order_id, customer_id, order_date, total_amount, status) VALUES (82, 22, '2023-06-20', 3439.68, 'Pending');
INSERT INTO order_items (item_id, order_id, product_id, quantity) VALUES (240, 82, 16, 1);
INSERT INTO order_items (item_id, order_id, product_id, quantity) VALUES (241, 82, 21, 3);
INSERT INTO order_items (item_id, order_id, product_id, quantity) VALUES (242, 82, 1, 2);
INSERT INTO order_items (item_id, order_id, product_id, quantity) VALUES (243, 82, 24, 2);
INSERT INTO order_items (item_id, order_id, product_id, quantity) VALUES (244, 82, 8, 1);
INSERT INTO orders (order_id, customer_id, order_date, total_amount, status) VALUES (83, 34, '2023-01-07', 147.06, 'Pending');
INSERT INTO order_items (item_id, order_id, product_id, quantity) VALUES (245, 83, 19, 2);
INSERT INTO orders (order_id, customer_id, order_date, total_amount, status) VALUES (84, 14, '2023-04-23', 6814.49, 'Completed');
INSERT INTO order_items (item_id, order_id, product_id, quantity) VALUES (246, 84, 20, 3);
INSERT INTO order_items (item_id, order_id, product_id, quantity) VALUES (247, 84, 27, 1);
INSERT INTO order_items (item_id, order_id, product_id, quantity) VALUES (248, 84, 22, 2);
INSERT INTO order_items (item_id, order_id, product_id, quantity) VALUES (249, 84, 26, 3);
INSERT INTO orders (order_id, customer_id, order_date, total_amount, status) VALUES (85, 6, '2023-03-06', 4713.79, 'Pending');
INSERT INTO order_items (item_id, order_id, product_id, quantity) VALUES (250, 85, 1, 1);
INSERT INTO order_items (item_id, order_id, product_id, quantity) VALUES (251, 85, 22, 3);
INSERT INTO order_items (item_id, order_id, product_id, quantity) VALUES (252, 85, 9, 1);
INSERT INTO order_items (item_id, order_id, product_id, quantity) VALUES (253, 85, 10, 3);
INSERT INTO order_items (item_id, order_id, product_id, quantity) VALUES (254, 85, 11, 3);
INSERT INTO orders (order_id, customer_id, order_date, total_amount, status) VALUES (86, 37, '2023-03-23', 1984.47, 'Pending');
INSERT INTO order_items (item_id, order_id, product_id, quantity) VALUES (255, 86, 10, 3);
INSERT INTO order_items (item_id, order_id, product_id, quantity) VALUES (256, 86, 14, 3);
INSERT INTO order_items (item_id, order_id, product_id, quantity) VALUES (257, 86, 9, 1);
INSERT INTO orders (order_id, customer_id, order_date, total_amount, status) VALUES (87, 10, '2023-06-08', 1910.66, 'Cancelled');
INSERT INTO order_items (item_id, order_id, product_id, quantity) VALUES (258, 87, 26, 2);
INSERT INTO order_items (item_id, order_id, product_id, quantity) VALUES (259, 87, 6, 2);
INSERT INTO orders (order_id, customer_id, order_date, total_amount, status) VALUES (88, 12, '2023-01-02', 538.35, 'Cancelled');
INSERT INTO order_items (item_id, order_id, product_id, quantity) VALUES (260, 88, 29, 1);
INSERT INTO orders (order_id, customer_id, order_date, total_amount, status) VALUES (89, 42, '2023-01-18', 51.51, 'Pending');
INSERT INTO order_items (item_id, order_id, product_id, quantity) VALUES (261, 89, 3, 3);
INSERT INTO orders (order_id, customer_id, order_date, total_amount, status) VALUES (90, 40, '2023-12-26', 1274.94, 'Cancelled');
INSERT INTO order_items (item_id, order_id, product_id, quantity) VALUES (262, 90, 7, 1);
INSERT INTO order_items (item_id, order_id, product_id, quantity) VALUES (263, 90, 6, 1);
INSERT INTO order_items (item_id, order_id, product_id, quantity) VALUES (264, 90, 29, 1);
INSERT INTO orders (order_id, customer_id, order_date, total_amount, status) VALUES (91, 1, '2023-10-30', 3269.04, 'Pending');
INSERT INTO order_items (item_id, order_id, product_id, quantity) VALUES (265, 91, 4, 3);
INSERT INTO order_items (item_id, order_id, product_id, quantity) VALUES (266, 91, 15, 3);
INSERT INTO orders (order_id, customer_id, order_date, total_amount, status) VALUES (92, 22, '2023-09-22', 2468.25, 'Completed');
INSERT INTO order_items (item_id, order_id, product_id, quantity) VALUES (267, 92, 15, 1);
INSERT INTO order_items (item_id, order_id, product_id, quantity) VALUES (268, 92, 27, 1);
INSERT INTO order_items (item_id, order_id, product_id, quantity) VALUES (269, 92, 19, 3);
INSERT INTO order_items (item_id, order_id, product_id, quantity) VALUES (270, 92, 16, 2);
INSERT INTO orders (order_id, customer_id, order_date, total_amount, status) VALUES (93, 45, '2023-10-18', 4631.12, 'Cancelled');
INSERT INTO order_items (item_id, order_id, product_id, quantity) VALUES (271, 93, 12, 1);
INSERT INTO order_items (item_id, order_id, product_id, quantity) VALUES (272, 93, 5, 3);
INSERT INTO order_items (item_id, order_id, product_id, quantity) VALUES (273, 93, 10, 2);
INSERT INTO orders (order_id, customer_id, order_date, total_amount, status) VALUES (94, 23, '2023-05-05', 4418.19, 'Cancelled');
INSERT INTO order_items (item_id, order_id, product_id, quantity) VALUES (274, 94, 11, 3);
INSERT INTO order_items (item_id, order_id, product_id, quantity) VALUES (275, 94, 22, 3);
INSERT INTO orders (order_id, customer_id, order_date, total_amount, status) VALUES (95, 21, '2023-05-26', 1749.41, 'Completed');
INSERT INTO order_items (item_id, order_id, product_id, quantity) VALUES (276, 95, 11, 1);
INSERT INTO order_items (item_id, order_id, product_id, quantity) VALUES (277, 95, 9, 2);
INSERT INTO order_items (item_id, order_id, product_id, quantity) VALUES (278, 95, 10, 1);
INSERT INTO orders (order_id, customer_id, order_date, total_amount, status) VALUES (96, 19, '2023-01-07', 6662.34, 'Cancelled');
INSERT INTO order_items (item_id, order_id, product_id, quantity) VALUES (279, 96, 28, 3);
INSERT INTO order_items (item_id, order_id, product_id, quantity) VALUES (280, 96, 24, 3);
INSERT INTO order_items (item_id, order_id, product_id, quantity) VALUES (281, 96, 27, 3);
INSERT INTO order_items (item_id, order_id, product_id, quantity) VALUES (282, 96, 21, 2);
INSERT INTO orders (order_id, customer_id, order_date, total_amount, status) VALUES (97, 34, '2023-03-06', 818.55, 'Cancelled');
INSERT INTO order_items (item_id, order_id, product_id, quantity) VALUES (283, 97, 23, 3);
INSERT INTO orders (order_id, customer_id, order_date, total_amount, status) VALUES (98, 44, '2023-05-18', 1196.58, 'Cancelled');
INSERT INTO order_items (item_id, order_id, product_id, quantity) VALUES (284, 98, 13, 3);
INSERT INTO orders (order_id, customer_id, order_date, total_amount, status) VALUES (99, 50, '2023-12-10', 1100.98, 'Pending');
INSERT INTO order_items (item_id, order_id, product_id, quantity) VALUES (285, 99, 22, 1);
INSERT INTO order_items (item_id, order_id, product_id, quantity) VALUES (286, 99, 1, 1);
INSERT INTO order_items (item_id, order_id, product_id, quantity) VALUES (287, 99, 25, 1);
INSERT INTO orders (order_id, customer_id, order_date, total_amount, status) VALUES (100, 15, '2023-11-13', 713.72, 'Cancelled');
INSERT INTO order_items (item_id, order_id, product_id, quantity) VALUES (288, 100, 19, 1);
INSERT INTO order_items (item_id, order_id, product_id, quantity) VALUES (289, 100, 4, 1);
INSERT INTO orders (order_id, customer_id, order_date, total_amount, status) VALUES (101, 42, '2023-12-23', 1924.98, 'Cancelled');
INSERT INTO order_items (item_id, order_id, product_id, quantity) VALUES (290, 101, 8, 1);
INSERT INTO order_items (item_id, order_id, product_id, quantity) VALUES (291, 101, 7, 2);
INSERT INTO orders (order_id, customer_id, order_date, total_amount, status) VALUES (102, 37, '2023-12-22', 1777.28, 'Completed');
INSERT INTO order_items (item_id, order_id, product_id, quantity) VALUES (292, 102, 4, 2);
INSERT INTO order_items (item_id, order_id, product_id, quantity) VALUES (293, 102, 1, 3);
INSERT INTO orders (order_id, customer_id, order_date, total_amount, status) VALUES (103, 3, '2023-12-19', 3851.61, 'Completed');
INSERT INTO order_items (item_id, order_id, product_id, quantity) VALUES (294, 103, 11, 1);
INSERT INTO order_items (item_id, order_id, product_id, quantity) VALUES (295, 103, 6, 2);
INSERT INTO order_items (item_id, order_id, product_id, quantity) VALUES (296, 103, 5, 3);
INSERT INTO order_items (item_id, order_id, product_id, quantity) VALUES (297, 103, 4, 1);
INSERT INTO order_items (item_id, order_id, product_id, quantity) VALUES (298, 103, 29, 3);
INSERT INTO orders (order_id, customer_id, order_date, total_amount, status) VALUES (104, 9, '2023-07-02', 4369.67, 'Pending');
INSERT INTO order_items (item_id, order_id, product_id, quantity) VALUES (299, 104, 17, 2);
INSERT INTO order_items (item_id, order_id, product_id, quantity) VALUES (300, 104, 26, 2);
INSERT INTO order_items (item_id, order_id, product_id, quantity) VALUES (301, 104, 30, 3);
INSERT INTO order_items (item_id, order_id, product_id, quantity) VALUES (302, 104, 14, 1);
INSERT INTO orders (order_id, customer_id, order_date, total_amount, status) VALUES (105, 11, '2023-05-01', 4655.64, 'Completed');
INSERT INTO order_items (item_id, order_id, product_id, quantity) VALUES (303, 105, 4, 3);
INSERT INTO order_items (item_id, order_id, product_id, quantity) VALUES (304, 105, 28, 1);
INSERT INTO order_items (item_id, order_id, product_id, quantity) VALUES (305, 105, 14, 2);
INSERT INTO order_items (item_id, order_id, product_id, quantity) VALUES (306, 105, 13, 2);
INSERT INTO order_items (item_id, order_id, product_id, quantity) VALUES (307, 105, 21, 1);
INSERT INTO orders (order_id, customer_id, order_date, total_amount, status) VALUES (106, 38, '2023-12-04', 2511.09, 'Pending');
INSERT INTO order_items (item_id, order_id, product_id, quantity) VALUES (308, 106, 30, 1);
INSERT INTO order_items (item_id, order_id, product_id, quantity) VALUES (309, 106, 18, 3);
INSERT INTO orders (order_id, customer_id, order_date, total_amount, status) VALUES (107, 27, '2023-02-19', 2160.06, 'Pending');
INSERT INTO order_items (item_id, order_id, product_id, quantity) VALUES (310, 107, 25, 3);
INSERT INTO orders (order_id, customer_id, order_date, total_amount, status) VALUES (108, 39, '2023-04-02', 1063.74, 'Completed');
INSERT INTO order_items (item_id, order_id, product_id, quantity) VALUES (311, 108, 17, 1);
INSERT INTO order_items (item_id, order_id, product_id, quantity) VALUES (312, 108, 4, 3);
INSERT INTO orders (order_id, customer_id, order_date, total_amount, status) VALUES (109, 49, '2023-06-05', 2914.02, 'Completed');
INSERT INTO order_items (item_id, order_id, product_id, quantity) VALUES (313, 109, 8, 3);
INSERT INTO orders (order_id, customer_id, order_date, total_amount, status) VALUES (110, 8, '2023-01-31', 1628.92, 'Completed');
INSERT INTO order_items (item_id, order_id, product_id, quantity) VALUES (314, 110, 21, 1);
INSERT INTO order_items (item_id, order_id, product_id, quantity) VALUES (315, 110, 3, 3);
INSERT INTO orders (order_id, customer_id, order_date, total_amount, status) VALUES (111, 27, '2023-04-05', 4044.34, 'Completed');
INSERT INTO order_items (item_id, order_id, product_id, quantity) VALUES (316, 111, 10, 2);
INSERT INTO order_items (item_id, order_id, product_id, quantity) VALUES (317, 111, 16, 3);
INSERT INTO order_items (item_id, order_id, product_id, quantity) VALUES (318, 111, 23, 1);
INSERT INTO order_items (item_id, order_id, product_id, quantity) VALUES (319, 111, 8, 2);
INSERT INTO order_items (item_id, order_id, product_id, quantity) VALUES (320, 111, 5, 1);
INSERT INTO orders (order_id, customer_id, order_date, total_amount, status) VALUES (112, 38, '2023-07-26', 5804.74, 'Completed');
INSERT INTO order_items (item_id, order_id, product_id, quantity) VALUES (321, 112, 6, 3);
INSERT INTO order_items (item_id, order_id, product_id, quantity) VALUES (322, 112, 12, 3);
INSERT INTO order_items (item_id, order_id, product_id, quantity) VALUES (323, 112, 26, 3);
INSERT INTO order_items (item_id, order_id, product_id, quantity) VALUES (324, 112, 24, 2);
INSERT INTO order_items (item_id, order_id, product_id, quantity) VALUES (325, 112, 9, 1);
INSERT INTO orders (order_id, customer_id, order_date, total_amount, status) VALUES (113, 18, '2023-01-07', 1089.78, 'Pending');
INSERT INTO order_items (item_id, order_id, product_id, quantity) VALUES (326, 113, 18, 2);
INSERT INTO orders (order_id, customer_id, order_date, total_amount, status) VALUES (114, 4, '2023-02-06', 2992.32, 'Cancelled');
INSERT INTO order_items (item_id, order_id, product_id, quantity) VALUES (327, 114, 20, 1);
INSERT INTO order_items (item_id, order_id, product_id, quantity) VALUES (328, 114, 30, 3);
INSERT INTO order_items (item_id, order_id, product_id, quantity) VALUES (329, 114, 6, 1);
INSERT INTO order_items (item_id, order_id, product_id, quantity) VALUES (330, 114, 3, 3);
INSERT INTO order_items (item_id, order_id, product_id, quantity) VALUES (331, 114, 25, 1);
INSERT INTO orders (order_id, customer_id, order_date, total_amount, status) VALUES (115, 44, '2023-02-06', 6027.5, 'Cancelled');
INSERT INTO order_items (item_id, order_id, product_id, quantity) VALUES (332, 115, 2, 1);
INSERT INTO order_items (item_id, order_id, product_id, quantity) VALUES (333, 115, 16, 2);
INSERT INTO order_items (item_id, order_id, product_id, quantity) VALUES (334, 115, 7, 3);
INSERT INTO order_items (item_id, order_id, product_id, quantity) VALUES (335, 115, 20, 1);
INSERT INTO order_items (item_id, order_id, product_id, quantity) VALUES (336, 115, 26, 2);
INSERT INTO orders (order_id, customer_id, order_date, total_amount, status) VALUES (116, 14, '2023-11-12', 4197.57, 'Completed');
INSERT INTO order_items (item_id, order_id, product_id, quantity) VALUES (337, 116, 16, 2);
INSERT INTO order_items (item_id, order_id, product_id, quantity) VALUES (338, 116, 19, 1);
INSERT INTO order_items (item_id, order_id, product_id, quantity) VALUES (339, 116, 10, 2);
INSERT INTO order_items (item_id, order_id, product_id, quantity) VALUES (340, 116, 30, 2);
INSERT INTO order_items (item_id, order_id, product_id, quantity) VALUES (341, 116, 1, 3);
INSERT INTO orders (order_id, customer_id, order_date, total_amount, status) VALUES (117, 45, '2023-09-06', 1888.74, 'Completed');
INSERT INTO order_items (item_id, order_id, product_id, quantity) VALUES (342, 117, 29, 2);
INSERT INTO order_items (item_id, order_id, product_id, quantity) VALUES (343, 117, 23, 3);
INSERT INTO orders (order_id, customer_id, order_date, total_amount, status) VALUES (118, 18, '2023-08-11', 1931.16, 'Cancelled');
INSERT INTO order_items (item_id, order_id, product_id, quantity) VALUES (344, 118, 23, 2);
INSERT INTO order_items (item_id, order_id, product_id, quantity) VALUES (345, 118, 8, 1);
INSERT INTO order_items (item_id, order_id, product_id, quantity) VALUES (346, 118, 17, 3);
INSERT INTO order_items (item_id, order_id, product_id, quantity) VALUES (347, 118, 10, 1);
INSERT INTO orders (order_id, customer_id, order_date, total_amount, status) VALUES (119, 47, '2023-04-02', 4817.47, 'Cancelled');
INSERT INTO order_items (item_id, order_id, product_id, quantity) VALUES (348, 119, 19, 1);
INSERT INTO order_items (item_id, order_id, product_id, quantity) VALUES (349, 119, 22, 3);
INSERT INTO order_items (item_id, order_id, product_id, quantity) VALUES (350, 119, 28, 3);
INSERT INTO order_items (item_id, order_id, product_id, quantity) VALUES (351, 119, 3, 2);
INSERT INTO order_items (item_id, order_id, product_id, quantity) VALUES (352, 119, 8, 1);
INSERT INTO orders (order_id, customer_id, order_date, total_amount, status) VALUES (120, 18, '2023-06-13', 4498.56, 'Completed');
INSERT INTO order_items (item_id, order_id, product_id, quantity) VALUES (353, 120, 6, 3);
INSERT INTO order_items (item_id, order_id, product_id, quantity) VALUES (354, 120, 12, 1);
INSERT INTO order_items (item_id, order_id, product_id, quantity) VALUES (355, 120, 15, 2);
INSERT INTO order_items (item_id, order_id, product_id, quantity) VALUES (356, 120, 18, 3);
INSERT INTO order_items (item_id, order_id, product_id, quantity) VALUES (357, 120, 5, 1);
INSERT INTO orders (order_id, customer_id, order_date, total_amount, status) VALUES (121, 38, '2023-02-11', 654.88, 'Completed');
INSERT INTO order_items (item_id, order_id, product_id, quantity) VALUES (358, 121, 17, 2);
INSERT INTO orders (order_id, customer_id, order_date, total_amount, status) VALUES (122, 19, '2023-06-08', 2008.31, 'Pending');
INSERT INTO order_items (item_id, order_id, product_id, quantity) VALUES (359, 122, 19, 1);
INSERT INTO order_items (item_id, order_id, product_id, quantity) VALUES (360, 122, 24, 1);
INSERT INTO order_items (item_id, order_id, product_id, quantity) VALUES (361, 122, 4, 1);
INSERT INTO order_items (item_id, order_id, product_id, quantity) VALUES (362, 122, 18, 3);
INSERT INTO orders (order_id, customer_id, order_date, total_amount, status) VALUES (123, 39, '2023-01-26', 1257.4, 'Completed');
INSERT INTO order_items (item_id, order_id, product_id, quantity) VALUES (363, 123, 23, 2);
INSERT INTO orders (order_id, customer_id, order_date, total_amount, status) VALUES (124, 45, '2023-12-22', 4397.81, 'Pending');
INSERT INTO order_items (item_id, order_id, product_id, quantity) VALUES (364, 124, 2, 3);
INSERT INTO order_items (item_id, order_id, product_id, quantity) VALUES (365, 124, 23, 2);
INSERT INTO order_items (item_id, order_id, product_id, quantity) VALUES (366, 124, 29, 1);
INSERT INTO order_items (item_id, order_id, product_id, quantity) VALUES (367, 124, 24, 3);
INSERT INTO orders (order_id, customer_id, order_date, total_amount, status) VALUES (125, 42, '2023-11-24', 2695.97, 'Pending');
INSERT INTO order_items (item_id, order_id, product_id, quantity) VALUES (368, 125, 5, 2);
INSERT INTO order_items (item_id, order_id, product_id, quantity) VALUES (369, 125, 28, 2);
INSERT INTO order_items (item_id, order_id, product_id, quantity) VALUES (370, 125, 19, 3);
INSERT INTO orders (order_id, customer_id, order_date, total_amount, status) VALUES (126, 46, '2023-12-11', 2886.66, 'Cancelled');
INSERT INTO order_items (item_id, order_id, product_id, quantity) VALUES (371, 126, 2, 2);
INSERT INTO order_items (item_id, order_id, product_id, quantity) VALUES (372, 126, 15, 1);
INSERT INTO order_items (item_id, order_id, product_id, quantity) VALUES (373, 126, 17, 1);
INSERT INTO orders (order_id, customer_id, order_date, total_amount, status) VALUES (127, 36, '2023-01-03', 1164.84, 'Pending');
INSERT INTO order_items (item_id, order_id, product_id, quantity) VALUES (374, 127, 11, 3);
INSERT INTO orders (order_id, customer_id, order_date, total_amount, status) VALUES (128, 16, '2023-05-01', 455.76, 'Pending');
INSERT INTO order_items (item_id, order_id, product_id, quantity) VALUES (375, 128, 12, 1);
INSERT INTO orders (order_id, customer_id, order_date, total_amount, status) VALUES (129, 50, '2023-04-30', 3163.45, 'Pending');
INSERT INTO order_items (item_id, order_id, product_id, quantity) VALUES (376, 129, 6, 2);
INSERT INTO order_items (item_id, order_id, product_id, quantity) VALUES (377, 129, 11, 2);
INSERT INTO order_items (item_id, order_id, product_id, quantity) VALUES (378, 129, 3, 1);
INSERT INTO order_items (item_id, order_id, product_id, quantity) VALUES (379, 129, 28, 1);
INSERT INTO orders (order_id, customer_id, order_date, total_amount, status) VALUES (130, 30, '2023-01-19', 3345.82, 'Pending');
INSERT INTO order_items (item_id, order_id, product_id, quantity) VALUES (380, 130, 11, 1);
INSERT INTO order_items (item_id, order_id, product_id, quantity) VALUES (381, 130, 16, 1);
INSERT INTO order_items (item_id, order_id, product_id, quantity) VALUES (382, 130, 24, 3);
INSERT INTO orders (order_id, customer_id, order_date, total_amount, status) VALUES (131, 8, '2023-09-05', 1046.97, 'Cancelled');
INSERT INTO order_items (item_id, order_id, product_id, quantity) VALUES (383, 131, 7, 3);
INSERT INTO orders (order_id, customer_id, order_date, total_amount, status) VALUES (132, 34, '2023-11-19', 702.42, 'Cancelled');
INSERT INTO order_items (item_id, order_id, product_id, quantity) VALUES (384, 132, 6, 2);
INSERT INTO orders (order_id, customer_id, order_date, total_amount, status) VALUES (133, 23, '2023-02-10', 3971.16, 'Completed');
INSERT INTO order_items (item_id, order_id, product_id, quantity) VALUES (385, 133, 27, 2);
INSERT INTO order_items (item_id, order_id, product_id, quantity) VALUES (386, 133, 6, 2);
INSERT INTO order_items (item_id, order_id, product_id, quantity) VALUES (387, 133, 15, 2);
INSERT INTO orders (order_id, customer_id, order_date, total_amount, status) VALUES (134, 25, '2023-01-25', 855.51, 'Cancelled');
INSERT INTO order_items (item_id, order_id, product_id, quantity) VALUES (388, 134, 27, 3);
INSERT INTO orders (order_id, customer_id, order_date, total_amount, status) VALUES (135, 5, '2023-07-31', 2190.69, 'Completed');
INSERT INTO order_items (item_id, order_id, product_id, quantity) VALUES (389, 135, 20, 3);
INSERT INTO order_items (item_id, order_id, product_id, quantity) VALUES (390, 135, 15, 2);
INSERT INTO orders (order_id, customer_id, order_date, total_amount, status) VALUES (136, 36, '2023-04-24', 4384.86, 'Cancelled');
INSERT INTO order_items (item_id, order_id, product_id, quantity) VALUES (391, 136, 24, 1);
INSERT INTO order_items (item_id, order_id, product_id, quantity) VALUES (392, 136, 19, 1);
INSERT INTO order_items (item_id, order_id, product_id, quantity) VALUES (393, 136, 12, 2);
INSERT INTO order_items (item_id, order_id, product_id, quantity) VALUES (394, 136, 15, 1);
INSERT INTO order_items (item_id, order_id, product_id, quantity) VALUES (395, 136, 1, 2);
INSERT INTO orders (order_id, customer_id, order_date, total_amount, status) VALUES (137, 24, '2023-01-22', 3741.54, 'Pending');
INSERT INTO order_items (item_id, order_id, product_id, quantity) VALUES (396, 137, 5, 1);
INSERT INTO order_items (item_id, order_id, product_id, quantity) VALUES (397, 137, 23, 2);
INSERT INTO order_items (item_id, order_id, product_id, quantity) VALUES (398, 137, 6, 2);
INSERT INTO order_items (item_id, order_id, product_id, quantity) VALUES (399, 137, 3, 2);
INSERT INTO orders (order_id, customer_id, order_date, total_amount, status) VALUES (138, 10, '2023-01-21', 1043.1, 'Pending');
INSERT INTO order_items (item_id, order_id, product_id, quantity) VALUES (400, 138, 10, 3);
INSERT INTO orders (order_id, customer_id, order_date, total_amount, status) VALUES (139, 35, '2023-03-24', 1544.73, 'Cancelled');
INSERT INTO order_items (item_id, order_id, product_id, quantity) VALUES (401, 139, 13, 2);
INSERT INTO order_items (item_id, order_id, product_id, quantity) VALUES (402, 139, 8, 3);
INSERT INTO order_items (item_id, order_id, product_id, quantity) VALUES (403, 139, 28, 1);
INSERT INTO order_items (item_id, order_id, product_id, quantity) VALUES (404, 139, 10, 1);
INSERT INTO orders (order_id, customer_id, order_date, total_amount, status) VALUES (140, 6, '2023-11-27', 2345.03, 'Cancelled');
INSERT INTO order_items (item_id, order_id, product_id, quantity) VALUES (405, 140, 1, 2);
INSERT INTO order_items (item_id, order_id, product_id, quantity) VALUES (406, 140, 23, 3);
INSERT INTO orders (order_id, customer_id, order_date, total_amount, status) VALUES (141, 33, '2023-05-19', 4350.27, 'Cancelled');
INSERT INTO order_items (item_id, order_id, product_id, quantity) VALUES (407, 141, 5, 1);
INSERT INTO order_items (item_id, order_id, product_id, quantity) VALUES (408, 141, 10, 3);
INSERT INTO order_items (item_id, order_id, product_id, quantity) VALUES (409, 141, 25, 3);
INSERT INTO orders (order_id, customer_id, order_date, total_amount, status) VALUES (142, 32, '2023-07-20', 5732.91, 'Cancelled');
INSERT INTO order_items (item_id, order_id, product_id, quantity) VALUES (410, 142, 9, 3);
INSERT INTO order_items (item_id, order_id, product_id, quantity) VALUES (411, 142, 27, 3);
INSERT INTO orders (order_id, customer_id, order_date, total_amount, status) VALUES (143, 25, '2023-08-10', 1644.76, 'Completed');
INSERT INTO order_items (item_id, order_id, product_id, quantity) VALUES (412, 143, 14, 2);
INSERT INTO orders (order_id, customer_id, order_date, total_amount, status) VALUES (144, 11, '2023-03-31', 4007.52, 'Pending');
INSERT INTO order_items (item_id, order_id, product_id, quantity) VALUES (413, 144, 6, 3);
INSERT INTO order_items (item_id, order_id, product_id, quantity) VALUES (414, 144, 25, 3);
INSERT INTO orders (order_id, customer_id, order_date, total_amount, status) VALUES (145, 31, '2023-10-11', 1410.6, 'Completed');
INSERT INTO order_items (item_id, order_id, product_id, quantity) VALUES (415, 145, 18, 2);
INSERT INTO orders (order_id, customer_id, order_date, total_amount, status) VALUES (146, 10, '2023-03-16', 4076.96, 'Cancelled');
INSERT INTO order_items (item_id, order_id, product_id, quantity) VALUES (416, 146, 26, 3);
INSERT INTO order_items (item_id, order_id, product_id, quantity) VALUES (417, 146, 10, 3);
INSERT INTO order_items (item_id, order_id, product_id, quantity) VALUES (418, 146, 30, 1);
INSERT INTO order_items (item_id, order_id, product_id, quantity) VALUES (419, 146, 1, 3);
INSERT INTO orders (order_id, customer_id, order_date, total_amount, status) VALUES (147, 31, '2023-03-30', 2310.87, 'Completed');
INSERT INTO order_items (item_id, order_id, product_id, quantity) VALUES (420, 147, 25, 3);
INSERT INTO order_items (item_id, order_id, product_id, quantity) VALUES (421, 147, 21, 2);
INSERT INTO orders (order_id, customer_id, order_date, total_amount, status) VALUES (148, 35, '2023-06-24', 1689.49, 'Completed');
INSERT INTO order_items (item_id, order_id, product_id, quantity) VALUES (422, 148, 17, 1);
INSERT INTO order_items (item_id, order_id, product_id, quantity) VALUES (423, 148, 8, 2);
INSERT INTO order_items (item_id, order_id, product_id, quantity) VALUES (424, 148, 27, 1);
INSERT INTO orders (order_id, customer_id, order_date, total_amount, status) VALUES (149, 38, '2023-07-20', 2774.7, 'Completed');
INSERT INTO order_items (item_id, order_id, product_id, quantity) VALUES (425, 149, 12, 1);
INSERT INTO order_items (item_id, order_id, product_id, quantity) VALUES (426, 149, 21, 2);
INSERT INTO order_items (item_id, order_id, product_id, quantity) VALUES (427, 149, 27, 1);
INSERT INTO order_items (item_id, order_id, product_id, quantity) VALUES (428, 149, 9, 3);
INSERT INTO orders (order_id, customer_id, order_date, total_amount, status) VALUES (150, 21, '2023-09-08', 4495.02, 'Pending');
INSERT INTO order_items (item_id, order_id, product_id, quantity) VALUES (429, 150, 9, 3);
INSERT INTO order_items (item_id, order_id, product_id, quantity) VALUES (430, 150, 2, 1);
INSERT INTO order_items (item_id, order_id, product_id, quantity) VALUES (431, 150, 10, 2);
INSERT INTO order_items (item_id, order_id, product_id, quantity) VALUES (432, 150, 15, 1);
INSERT INTO orders (order_id, customer_id, order_date, total_amount, status) VALUES (151, 12, '2023-01-17', 6855.25, 'Pending');
INSERT INTO order_items (item_id, order_id, product_id, quantity) VALUES (433, 151, 6, 3);
INSERT INTO order_items (item_id, order_id, product_id, quantity) VALUES (434, 151, 30, 2);
INSERT INTO order_items (item_id, order_id, product_id, quantity) VALUES (435, 151, 5, 3);
INSERT INTO orders (order_id, customer_id, order_date, total_amount, status) VALUES (152, 24, '2023-05-11', 8739.69, 'Cancelled');
INSERT INTO order_items (item_id, order_id, product_id, quantity) VALUES (436, 152, 9, 3);
INSERT INTO order_items (item_id, order_id, product_id, quantity) VALUES (437, 152, 29, 2);
INSERT INTO order_items (item_id, order_id, product_id, quantity) VALUES (438, 152, 24, 2);
INSERT INTO order_items (item_id, order_id, product_id, quantity) VALUES (439, 152, 11, 3);
INSERT INTO order_items (item_id, order_id, product_id, quantity) VALUES (440, 152, 6, 2);
INSERT INTO orders (order_id, customer_id, order_date, total_amount, status) VALUES (153, 16, '2023-07-14', 385.2, 'Completed');
INSERT INTO order_items (item_id, order_id, product_id, quantity) VALUES (441, 153, 13, 2);
INSERT INTO orders (order_id, customer_id, order_date, total_amount, status) VALUES (154, 38, '2023-06-20', 4268.27, 'Cancelled');
INSERT INTO order_items (item_id, order_id, product_id, quantity) VALUES (442, 154, 19, 1);
INSERT INTO order_items (item_id, order_id, product_id, quantity) VALUES (443, 154, 1, 2);
INSERT INTO order_items (item_id, order_id, product_id, quantity) VALUES (444, 154, 8, 2);
INSERT INTO order_items (item_id, order_id, product_id, quantity) VALUES (445, 154, 23, 1);
INSERT INTO order_items (item_id, order_id, product_id, quantity) VALUES (446, 154, 24, 2);
INSERT INTO orders (order_id, customer_id, order_date, total_amount, status) VALUES (155, 5, '2023-07-12', 3480.42, 'Cancelled');
INSERT INTO order_items (item_id, order_id, product_id, quantity) VALUES (447, 155, 4, 1);
INSERT INTO order_items (item_id, order_id, product_id, quantity) VALUES (448, 155, 26, 2);
INSERT INTO order_items (item_id, order_id, product_id, quantity) VALUES (449, 155, 9, 2);
INSERT INTO orders (order_id, customer_id, order_date, total_amount, status) VALUES (156, 41, '2023-03-27', 3492.31, 'Cancelled');
INSERT INTO order_items (item_id, order_id, product_id, quantity) VALUES (450, 156, 19, 3);
INSERT INTO order_items (item_id, order_id, product_id, quantity) VALUES (451, 156, 3, 2);
INSERT INTO order_items (item_id, order_id, product_id, quantity) VALUES (452, 156, 24, 1);
INSERT INTO order_items (item_id, order_id, product_id, quantity) VALUES (453, 156, 7, 2);
INSERT INTO orders (order_id, customer_id, order_date, total_amount, status) VALUES (157, 44, '2023-10-29', 4046.95, 'Completed');
INSERT INTO order_items (item_id, order_id, product_id, quantity) VALUES (454, 157, 24, 3);
INSERT INTO order_items (item_id, order_id, product_id, quantity) VALUES (455, 157, 10, 2);
INSERT INTO order_items (item_id, order_id, product_id, quantity) VALUES (456, 157, 29, 2);
INSERT INTO order_items (item_id, order_id, product_id, quantity) VALUES (457, 157, 4, 3);
INSERT INTO order_items (item_id, order_id, product_id, quantity) VALUES (458, 157, 8, 2);
INSERT INTO orders (order_id, customer_id, order_date, total_amount, status) VALUES (158, 45, '2023-10-06', 2938.47, 'Completed');
INSERT INTO order_items (item_id, order_id, product_id, quantity) VALUES (459, 158, 18, 2);
INSERT INTO order_items (item_id, order_id, product_id, quantity) VALUES (460, 158, 22, 2);
INSERT INTO order_items (item_id, order_id, product_id, quantity) VALUES (461, 158, 21, 1);
INSERT INTO orders (order_id, customer_id, order_date, total_amount, status) VALUES (159, 30, '2023-04-14', 1093.68, 'Completed');
INSERT INTO order_items (item_id, order_id, product_id, quantity) VALUES (462, 159, 27, 1);
INSERT INTO order_items (item_id, order_id, product_id, quantity) VALUES (463, 159, 19, 3);
INSERT INTO orders (order_id, customer_id, order_date, total_amount, status) VALUES (160, 15, '2023-12-23', 2445.96, 'Cancelled');
INSERT INTO order_items (item_id, order_id, product_id, quantity) VALUES (464, 160, 14, 3);
INSERT INTO orders (order_id, customer_id, order_date, total_amount, status) VALUES (161, 29, '2023-07-28', 2786.8, 'Pending');
INSERT INTO order_items (item_id, order_id, product_id, quantity) VALUES (465, 161, 26, 2);
INSERT INTO order_items (item_id, order_id, product_id, quantity) VALUES (466, 161, 5, 2);
INSERT INTO order_items (item_id, order_id, product_id, quantity) VALUES (467, 161, 17, 3);
INSERT INTO orders (order_id, customer_id, order_date, total_amount, status) VALUES (162, 13, '2023-07-12', 3938.98, 'Completed');
INSERT INTO order_items (item_id, order_id, product_id, quantity) VALUES (468, 162, 15, 3);
INSERT INTO order_items (item_id, order_id, product_id, quantity) VALUES (469, 162, 7, 1);
INSERT INTO order_items (item_id, order_id, product_id, quantity) VALUES (470, 162, 26, 2);
INSERT INTO orders (order_id, customer_id, order_date, total_amount, status) VALUES (163, 24, '2023-05-11', 3286.2, 'Cancelled');
INSERT INTO order_items (item_id, order_id, product_id, quantity) VALUES (471, 163, 19, 1);
INSERT INTO order_items (item_id, order_id, product_id, quantity) VALUES (472, 163, 18, 1);
INSERT INTO order_items (item_id, order_id, product_id, quantity) VALUES (473, 163, 3, 3);
INSERT INTO orders (order_id, customer_id, order_date, total_amount, status) VALUES (164, 12, '2023-07-20', 3761.19, 'Cancelled');
INSERT INTO order_items (item_id, order_id, product_id, quantity) VALUES (474, 164, 21, 3);
INSERT INTO order_items (item_id, order_id, product_id, quantity) VALUES (475, 164, 11, 1);
INSERT INTO order_items (item_id, order_id, product_id, quantity) VALUES (476, 164, 17, 2);
INSERT INTO orders (order_id, customer_id, order_date, total_amount, status) VALUES (165, 50, '2023-11-21', 2449.85, 'Cancelled');
INSERT INTO order_items (item_id, order_id, product_id, quantity) VALUES (477, 165, 4, 3);
INSERT INTO order_items (item_id, order_id, product_id, quantity) VALUES (478, 165, 8, 3);
INSERT INTO order_items (item_id, order_id, product_id, quantity) VALUES (479, 165, 3, 2);
INSERT INTO order_items (item_id, order_id, product_id, quantity) VALUES (480, 165, 13, 3);
INSERT INTO order_items (item_id, order_id, product_id, quantity) VALUES (481, 165, 5, 3);
INSERT INTO orders (order_id, customer_id, order_date, total_amount, status) VALUES (166, 25, '2023-01-02', 1386.73, 'Completed');
INSERT INTO order_items (item_id, order_id, product_id, quantity) VALUES (482, 166, 8, 1);
INSERT INTO order_items (item_id, order_id, product_id, quantity) VALUES (483, 166, 6, 1);
INSERT INTO order_items (item_id, order_id, product_id, quantity) VALUES (484, 166, 27, 3);
INSERT INTO order_items (item_id, order_id, product_id, quantity) VALUES (485, 166, 4, 2);
INSERT INTO orders (order_id, customer_id, order_date, total_amount, status) VALUES (167, 18, '2023-11-27', 484.21, 'Completed');
INSERT INTO order_items (item_id, order_id, product_id, quantity) VALUES (486, 167, 10, 1);
INSERT INTO orders (order_id, customer_id, order_date, total_amount, status) VALUES (168, 28, '2023-12-26', 846.4, 'Cancelled');
INSERT INTO order_items (item_id, order_id, product_id, quantity) VALUES (487, 168, 2, 1);
INSERT INTO orders (order_id, customer_id, order_date, total_amount, status) VALUES (169, 2, '2023-09-08', 1083.56, 'Completed');
INSERT INTO order_items (item_id, order_id, product_id, quantity) VALUES (488, 169, 10, 1);
INSERT INTO order_items (item_id, order_id, product_id, quantity) VALUES (489, 169, 20, 3);
INSERT INTO order_items (item_id, order_id, product_id, quantity) VALUES (490, 169, 1, 1);
INSERT INTO orders (order_id, customer_id, order_date, total_amount, status) VALUES (170, 45, '2023-06-20', 1139.41, 'Completed');
INSERT INTO order_items (item_id, order_id, product_id, quantity) VALUES (491, 170, 14, 1);
INSERT INTO order_items (item_id, order_id, product_id, quantity) VALUES (492, 170, 21, 1);
INSERT INTO orders (order_id, customer_id, order_date, total_amount, status) VALUES (171, 11, '2023-01-12', 4994.69, 'Cancelled');
INSERT INTO order_items (item_id, order_id, product_id, quantity) VALUES (493, 171, 24, 1);
INSERT INTO order_items (item_id, order_id, product_id, quantity) VALUES (494, 171, 2, 1);
INSERT INTO order_items (item_id, order_id, product_id, quantity) VALUES (495, 171, 29, 2);
INSERT INTO order_items (item_id, order_id, product_id, quantity) VALUES (496, 171, 23, 2);
INSERT INTO order_items (item_id, order_id, product_id, quantity) VALUES (497, 171, 25, 2);
INSERT INTO orders (order_id, customer_id, order_date, total_amount, status) VALUES (172, 5, '2023-09-20', 205.51, 'Cancelled');
INSERT INTO order_items (item_id, order_id, product_id, quantity) VALUES (498, 172, 23, 1);
INSERT INTO orders (order_id, customer_id, order_date, total_amount, status) VALUES (173, 22, '2023-06-26', 3096.27, 'Pending');
INSERT INTO order_items (item_id, order_id, product_id, quantity) VALUES (499, 173, 21, 3);
INSERT INTO order_items (item_id, order_id, product_id, quantity) VALUES (500, 173, 26, 1);
INSERT INTO order_items (item_id, order_id, product_id, quantity) VALUES (501, 173, 18, 1);
INSERT INTO orders (order_id, customer_id, order_date, total_amount, status) VALUES (174, 20, '2023-09-01', 1662.78, 'Completed');
INSERT INTO order_items (item_id, order_id, product_id, quantity) VALUES (502, 174, 10, 3);
INSERT INTO order_items (item_id, order_id, product_id, quantity) VALUES (503, 174, 11, 2);
INSERT INTO order_items (item_id, order_id, product_id, quantity) VALUES (504, 174, 8, 1);
INSERT INTO orders (order_id, customer_id, order_date, total_amount, status) VALUES (175, 20, '2023-04-22', 4753.29, 'Completed');
INSERT INTO order_items (item_id, order_id, product_id, quantity) VALUES (505, 175, 21, 2);
INSERT INTO order_items (item_id, order_id, product_id, quantity) VALUES (506, 175, 13, 3);
INSERT INTO order_items (item_id, order_id, product_id, quantity) VALUES (507, 175, 19, 2);
INSERT INTO order_items (item_id, order_id, product_id, quantity) VALUES (508, 175, 10, 3);
INSERT INTO order_items (item_id, order_id, product_id, quantity) VALUES (509, 175, 2, 2);
INSERT INTO orders (order_id, customer_id, order_date, total_amount, status) VALUES (176, 44, '2023-08-27', 5677.8, 'Cancelled');
INSERT INTO order_items (item_id, order_id, product_id, quantity) VALUES (510, 176, 11, 1);
INSERT INTO order_items (item_id, order_id, product_id, quantity) VALUES (511, 176, 10, 3);
INSERT INTO order_items (item_id, order_id, product_id, quantity) VALUES (512, 176, 9, 1);
INSERT INTO order_items (item_id, order_id, product_id, quantity) VALUES (513, 176, 27, 2);
INSERT INTO order_items (item_id, order_id, product_id, quantity) VALUES (514, 176, 28, 2);
INSERT INTO orders (order_id, customer_id, order_date, total_amount, status) VALUES (177, 35, '2023-01-06', 798.27, 'Cancelled');
INSERT INTO order_items (item_id, order_id, product_id, quantity) VALUES (515, 177, 23, 1);
INSERT INTO orders (order_id, customer_id, order_date, total_amount, status) VALUES (178, 7, '2023-12-22', 2783.74, 'Completed');
INSERT INTO order_items (item_id, order_id, product_id, quantity) VALUES (516, 178, 5, 2);
INSERT INTO order_items (item_id, order_id, product_id, quantity) VALUES (517, 178, 26, 1);
INSERT INTO orders (order_id, customer_id, order_date, total_amount, status) VALUES (179, 4, '2023-05-25', 3533.72, 'Completed');
INSERT INTO order_items (item_id, order_id, product_id, quantity) VALUES (518, 179, 18, 2);
INSERT INTO order_items (item_id, order_id, product_id, quantity) VALUES (519, 179, 2, 3);
INSERT INTO order_items (item_id, order_id, product_id, quantity) VALUES (520, 179, 3, 3);
INSERT INTO orders (order_id, customer_id, order_date, total_amount, status) VALUES (180, 27, '2023-02-16', 2820.39, 'Pending');
INSERT INTO order_items (item_id, order_id, product_id, quantity) VALUES (521, 180, 29, 2);
INSERT INTO order_items (item_id, order_id, product_id, quantity) VALUES (522, 180, 3, 3);
INSERT INTO order_items (item_id, order_id, product_id, quantity) VALUES (523, 180, 2, 1);
INSERT INTO order_items (item_id, order_id, product_id, quantity) VALUES (524, 180, 27, 1);
INSERT INTO orders (order_id, customer_id, order_date, total_amount, status) VALUES (181, 31, '2023-10-24', 2042.59, 'Completed');
INSERT INTO order_items (item_id, order_id, product_id, quantity) VALUES (525, 181, 18, 2);
INSERT INTO order_items (item_id, order_id, product_id, quantity) VALUES (526, 181, 5, 2);
INSERT INTO order_items (item_id, order_id, product_id, quantity) VALUES (527, 181, 8, 2);
INSERT INTO order_items (item_id, order_id, product_id, quantity) VALUES (528, 181, 29, 1);
INSERT INTO orders (order_id, customer_id, order_date, total_amount, status) VALUES (182, 10, '2023-11-13', 1066.29, 'Cancelled');
INSERT INTO order_items (item_id, order_id, product_id, quantity) VALUES (529, 182, 17, 1);
INSERT INTO order_items (item_id, order_id, product_id, quantity) VALUES (530, 182, 28, 2);
INSERT INTO orders (order_id, customer_id, order_date, total_amount, status) VALUES (183, 17, '2023-04-03', 2302.19, 'Pending');
INSERT INTO order_items (item_id, order_id, product_id, quantity) VALUES (531, 183, 23, 1);
INSERT INTO order_items (item_id, order_id, product_id, quantity) VALUES (532, 183, 2, 2);
INSERT INTO order_items (item_id, order_id, product_id, quantity) VALUES (533, 183, 26, 1);
INSERT INTO orders (order_id, customer_id, order_date, total_amount, status) VALUES (184, 3, '2023-06-04', 2232.92, 'Cancelled');
INSERT INTO order_items (item_id, order_id, product_id, quantity) VALUES (534, 184, 6, 3);
INSERT INTO order_items (item_id, order_id, product_id, quantity) VALUES (535, 184, 13, 1);
INSERT INTO orders (order_id, customer_id, order_date, total_amount, status) VALUES (185, 24, '2023-02-16', 6081.33, 'Completed');
INSERT INTO order_items (item_id, order_id, product_id, quantity) VALUES (536, 185, 4, 2);
INSERT INTO order_items (item_id, order_id, product_id, quantity) VALUES (537, 185, 27, 2);
INSERT INTO order_items (item_id, order_id, product_id, quantity) VALUES (538, 185, 15, 2);
INSERT INTO order_items (item_id, order_id, product_id, quantity) VALUES (539, 185, 26, 3);
INSERT INTO orders (order_id, customer_id, order_date, total_amount, status) VALUES (186, 44, '2023-11-27', 4056.21, 'Cancelled');
INSERT INTO order_items (item_id, order_id, product_id, quantity) VALUES (540, 186, 1, 2);
INSERT INTO order_items (item_id, order_id, product_id, quantity) VALUES (541, 186, 6, 1);
INSERT INTO order_items (item_id, order_id, product_id, quantity) VALUES (542, 186, 29, 1);
INSERT INTO order_items (item_id, order_id, product_id, quantity) VALUES (543, 186, 4, 2);
INSERT INTO orders (order_id, customer_id, order_date, total_amount, status) VALUES (187, 28, '2023-09-18', 175.54, 'Completed');
INSERT INTO order_items (item_id, order_id, product_id, quantity) VALUES (544, 187, 10, 2);
INSERT INTO orders (order_id, customer_id, order_date, total_amount, status) VALUES (188, 41, '2023-07-24', 1413.06, 'Completed');
INSERT INTO order_items (item_id, order_id, product_id, quantity) VALUES (545, 188, 25, 2);
INSERT INTO orders (order_id, customer_id, order_date, total_amount, status) VALUES (189, 27, '2023-04-10', 6713.09, 'Cancelled');
INSERT INTO order_items (item_id, order_id, product_id, quantity) VALUES (546, 189, 10, 2);
INSERT INTO order_items (item_id, order_id, product_id, quantity) VALUES (547, 189, 9, 3);
INSERT INTO order_items (item_id, order_id, product_id, quantity) VALUES (548, 189, 18, 3);
INSERT INTO orders (order_id, customer_id, order_date, total_amount, status) VALUES (190, 29, '2023-07-27', 912.81, 'Completed');
INSERT INTO order_items (item_id, order_id, product_id, quantity) VALUES (549, 190, 18, 3);
INSERT INTO orders (order_id, customer_id, order_date, total_amount, status) VALUES (191, 38, '2023-05-16', 7192.29, 'Completed');
INSERT INTO order_items (item_id, order_id, product_id, quantity) VALUES (550, 191, 19, 1);
INSERT INTO order_items (item_id, order_id, product_id, quantity) VALUES (551, 191, 2, 2);
INSERT INTO order_items (item_id, order_id, product_id, quantity) VALUES (552, 191, 8, 2);
INSERT INTO order_items (item_id, order_id, product_id, quantity) VALUES (553, 191, 27, 3);
INSERT INTO order_items (item_id, order_id, product_id, quantity) VALUES (554, 191, 18, 3);
INSERT INTO orders (order_id, customer_id, order_date, total_amount, status) VALUES (192, 7, '2023-04-08', 610.27, 'Completed');
INSERT INTO order_items (item_id, order_id, product_id, quantity) VALUES (555, 192, 4, 1);
INSERT INTO orders (order_id, customer_id, order_date, total_amount, status) VALUES (193, 3, '2023-12-21', 3000.05, 'Cancelled');
INSERT INTO order_items (item_id, order_id, product_id, quantity) VALUES (556, 193, 3, 2);
INSERT INTO order_items (item_id, order_id, product_id, quantity) VALUES (557, 193, 1, 1);
INSERT INTO order_items (item_id, order_id, product_id, quantity) VALUES (558, 193, 14, 3);
INSERT INTO order_items (item_id, order_id, product_id, quantity) VALUES (559, 193, 30, 1);
INSERT INTO orders (order_id, customer_id, order_date, total_amount, status) VALUES (194, 22, '2023-12-24', 928.9, 'Cancelled');
INSERT INTO order_items (item_id, order_id, product_id, quantity) VALUES (560, 194, 30, 2);
INSERT INTO orders (order_id, customer_id, order_date, total_amount, status) VALUES (195, 43, '2023-11-28', 410.28, 'Cancelled');
INSERT INTO order_items (item_id, order_id, product_id, quantity) VALUES (561, 195, 3, 2);
INSERT INTO orders (order_id, customer_id, order_date, total_amount, status) VALUES (196, 25, '2023-11-10', 860.91, 'Cancelled');
INSERT INTO order_items (item_id, order_id, product_id, quantity) VALUES (562, 196, 30, 3);
INSERT INTO orders (order_id, customer_id, order_date, total_amount, status) VALUES (197, 15, '2023-08-10', 1848.12, 'Completed');
INSERT INTO order_items (item_id, order_id, product_id, quantity) VALUES (563, 197, 2, 2);
INSERT INTO orders (order_id, customer_id, order_date, total_amount, status) VALUES (198, 32, '2023-10-12', 4992.45, 'Completed');
INSERT INTO order_items (item_id, order_id, product_id, quantity) VALUES (564, 198, 26, 3);
INSERT INTO order_items (item_id, order_id, product_id, quantity) VALUES (565, 198, 5, 1);
INSERT INTO order_items (item_id, order_id, product_id, quantity) VALUES (566, 198, 16, 1);
INSERT INTO order_items (item_id, order_id, product_id, quantity) VALUES (567, 198, 21, 3);
INSERT INTO order_items (item_id, order_id, product_id, quantity) VALUES (568, 198, 29, 1);
INSERT INTO orders (order_id, customer_id, order_date, total_amount, status) VALUES (199, 36, '2023-05-22', 1581.23, 'Cancelled');
INSERT INTO order_items (item_id, order_id, product_id, quantity) VALUES (569, 199, 21, 2);
INSERT INTO order_items (item_id, order_id, product_id, quantity) VALUES (570, 199, 30, 1);
INSERT INTO orders (order_id, customer_id, order_date, total_amount, status) VALUES (200, 18, '2023-09-20', 1709.28, 'Pending');
INSERT INTO order_items (item_id, order_id, product_id, quantity) VALUES (571, 200, 13, 1);
INSERT INTO order_items (item_id, order_id, product_id, quantity) VALUES (572, 200, 9, 1);
INSERT INTO order_items (item_id, order_id, product_id, quantity) VALUES (573, 200, 29, 3);